imdbID,Title,Year,Rating10,Review,FirstWatched,LastWatched,Tags,SafeForParents,ForKids
tt6208148,Snow White,2025,3.5,"Muito ruim. A Gal Gadot tá horrível, canta mal. Poucas coisas me deixam tão bravo num musical do que estragar a música do vilão. E a Rachel Zegler é tão feia que o tempo todo me distrai do filme.",2025-06-01,2025-06-01,,True,True
tt0050083,12 Angry Men,1957,10.0,"É simplesmente um dos melhores filmes que eu já vi na vida. Nunca achei que fosse gostar tanto de um filme em preto e branco. Como que em 1h e meia o diretor em apenas uma locação conseguiu desenvolver tantos personagens tão bem, e me manter tão entretido. Em nenhum momento o filme fica chato e ele é todo só dialogo. Simplesmente genial. Pra 12 Homens e uma Sentença, a nota é 10. Assistam!",2025,2025,,True,False
tt0050986,Wild Strawberries,1957,6.5,"É um ensaio sobre a velhice. Eu fui ver esse filme com um pé atrás por ser bem antigo, mas ele é um bom filme. Não tem bem um enredo, é mais sobre um velho fazendo uma viagem e refletindo sobre o passado e suas memórias. Sinto que tanto amor pelo cinema é algo que não se vê mais hoje em dia, pq o filme é muito bem feito.

Minha nota não foi tão alta, pois não me envolvi muito com o filme. Talvez eu ainda não tenha a bagagem necessária para absorver tudo que ele oferece. Acredito que, ao revê-lo no futuro, quando eu mesmo for mais velho, ele fale comigo de outro jeito.",2025,2025,,,False
tt3566834,A Minecraft Movie,2025,6.0,"Na verdade ele nem é ruim. Tá valendo, é um bom filme.

Tipo, quando saiu que iria ter o filme do Minecraft eu não conseguia conceber essa ideia. Como bulhufas vão fazer um live action de Minecraft??? Então eu acho que esse filme merece muito só pelo trabalho criativo, por todo o esforço de design em fazer um live action que ficou surpreendentemente bom. O tom do filme está correto, as mecânicas do jogo ficaram muito legais de ver na tela.

A história que poderia ser melhor, as piadas e os personagens tbm. Mas não consigo criticar esse filme sem pensar o quão PIOR ele poderia ser. Acho que se o Doutor Estranho olhasse todas as 14 milhões de realidades possíveis, acho que estamos na melhor.

Incomoda um pouco que o filme acaba limitando, até pra produções futuras, o infinito potencial que Minecraft tem. Mas tbm não é o fim do mundo.",2025,2025,,True,True
tt2194499,About Time,2013,8.2,"(Leia junto com a review de **The Time Traveler's Wife (2009)**)

Flerte.

O título original de Questão de tempo é **About Time**. A tradução poderia ser ""sobre o tempo"" ou ""Finalmente, ein?"", mas melhor deixar como tá mesmo.

Sobre o filme, ele me enganou um pouco, esperava um romance leve como **500 Dias com Ela (2009)**, mas, ao mesmo tempo, recebi tbm outro filme de brinde. Um filme sobre a vida, sobre a morte, sobre felicidade, sobre valorizar os momentos mais simples. Recomendo conferir.",2025,2025,,False,False
tt0452694,The Time Traveler's Wife,2009,6.0,"(Leia junto com a review de **About Time (2013)**)

Assédio.

O título original de **Te Amarei para Sempre** é **The Time Traveler's Wife**. Quem que traduziu isso? Tradução tão ruim que quando fizeram a série contando a mesma historia (ambos baseados no livro de mesmo nome) corrigiram a besteira que fizeram e chamaram de **A Mulher do Viajante no Tempo**.

Mas bem, esse filme é mais fanfic. Sem ofensas. O filme não é ruim não, mas tipo, dá pra perceber que ele foi escrito por uma mulher.

Curiosamente (inclusive só percebi agora escrevendo isso) a mulher que faz par com o personagem principal é interpretada pela mesma atriz de **About Time (2013)**: Rachel McAdams. Foi uma franja de diferença de um filme pro outro e eu nem reconheci",2025,2025,,False,False
tt0110148,Interview with the Vampire: The Vampire Chronicles,1994,7.5,"Se **The Time Traveler's Wife (2009)** e **About Time (2013)** estão na seleta categoria de ""filmes de viajem no tempo que o protagonista tenta conquistar a Rachel McAdams"". **The Time Traveler's Wife** e **Entrevista com o Vampiro** estão na seleta lista de filmes chamada ""filmes que anos depois viraram séries provavelmente melhores que o filme original mas que eu ainda não vi"".

Mas enfim, **Entrevista com o Vampiro (1994)** é sobre o Tom Cruise e Brad Pitt sendo dois vampiros cheios de conflitos e tesão. Essa é pra quem achava que esse papo estranho com vampiros começou em Crepúsculo.

Mas bem, o filme não é ruim não. O plot é meio sem direção, sabe. Vai pra lá, vai pra cá, volta pra lá. Mas eu entendo que mais que um plot linear o filme tá contando as aventuras do Brad Pitt pelo planeta. Eu só não gostei do final, tive a mesma reação do jornalista lá: ué, só isso? Mas de resto é um bom filme.",2025,2025,,False,False
tt20969586,Thunderbolts*,2025,7.5,"É o melhor filme da Marvel desde Ultimato.

Que filme bom. É engraçado, a história é muito boa. Tá, a solução foi meio Steven Universo. Mas eu achei muito bem colocada e fez todo o sentido.

Entretanto agora a Marvel tem um problema, que não posso falar sem falar de spoilers. A melhor coisa agora é simplesmente nunca mais tocar no assunto, pq se não vai ser um personagem muito difícil de se lidar (já basta aquela mulher do invasão secreta).

Esse filme o tempo todo tem alguma piadinha. Isso não é um problema nesse filme, mas estou começando a entender quando alguém reclama da Marvel sobre isso.

Esse também é o filme da Marvel que vc precisa assistir 30 coisas antes pra entender.",2025-05-02,2025-05-02,"['Marvel', 'Vi no Cinema']",True,False
tt3666526,Copa de Elite,2014,7.0,"Durante a copa de 2014, Marcos Veras precisa salvar o Papa de uma tentativa de assassinato que ele vai sofrer por não ter aprovado o casamento gay (ou não ter permitido mudar a cara do cristo redentor para a cara do Rafinha Bastos, ficou em aberto isso).

É claro que estou falando de Copa De Elite (2014) aquela comédia nacional dos mesmos criadores de **Tô Ryca (2016)** e **Tô Ryca 2 (2022)**. E véi, o filme é ruim, mas é tão ruim, mas é tão ruim, que dá a volta e fica bom.

Me diverti pacas com esse troço. Só tem piada ruim, mas é tanta piada por minuto que não dá nem tempo de processar até pq algumas nem fazem mais sentido pq se perderam desdo longínquo ano de 2014.

O elenco do filme é basicamente todos os brasileiros atores ou não. Não vou falar os nomes aqui pq parte da graça do filme é a aleatoriedade de aparecer gente aleatória, mas posso adiantar aqui o Babu (o ex BBB que na época não tinha ido pro BBB ainda), o Thammy Miranda e a Anita.

Esse filme passa uma energia muito **Internet - O Filme (2017)** inclusive se vc ainda não viu """"Internet - O filme"""" vc está perdendo uma das piores coisas que a humanidade já teve o desprazer de produzir, mas tipo obrigação ver ele forma caráter",2025,2025,,False,False
tt23561236,American Fiction,2023,7.7,"É melhor do que eu esperava. O final tem uma piada muito boa, mas eu queria uma conclusão da história mesmo. Mas meio que isso tbm era a piada do final então sentimentos mistos.",2024,2024,,False,False
tt1623288,ParaNorman,2012,6.0,"É uma animação bem simples pra criança. Estava esperando mais, até pelo estilo de animação de stop motion e por ser do mesmo estúdio de **Coraline e o Mundo Secreto (2009)**.",2025,2025,,True,True
tt0388795,Brokeback Mountain,2005,8.0,"(Leia junto com a review de **Past Lives (2023)**)

**Brokeback Mountain (2024)** mostra o quão hétero pode ser um romance gay. Pô, não é clássico cinema à toa. Tipo, todas as nuances do filme, toda a complexidade dos sentimentos e das situações. O filme é um pouco lento, mas entendo que é um ritmo necessário para contar a história.",2024,2024,,False,False
tt13238346,Past Lives,2023,5.8,"(Leia junto com a review de **Brokeback Mountain (2005)**)

Past Lives (2023) mostra o quão gay pode ser um romance hétero. É, o filme é ruim.

E tava vendo aqui, a vida da personagem principal é tão parecida com a vida da diretora que se eu fosse o marido da Celine Song, a diretora, e visse esse filme eu pedia divorcio.",2024,2024,,True,False
tt1570728,"Crazy, Stupid, Love.",2011,8.8,"comédia romântica com Emma Stone, Steve Carell e literalmente eu. Pô, muito divertido. Tem um ritmo muito legal e é um filme de fácil digestão, além de ter uma das melhores cenas já feitas de todos os tempos, se vc assistiu ao filme você sabe qual cena é essa.",2024,2024,,False,False
tt5052448,Get Out,2017,8.5,"olha, eu geralmente não gosto de filmes de terror. Mas esse aqui é muito bom. Filmaço.",2024,2024,,False,False
tt0211915,Amélie,2001,8.0,"É um filme francês, bem cult. E o filme é muito criativo e com muita personalidade. Tive um pouco de dificuldade de me conectar pq o filme tem uma estrutura diferente e ele é todo colorido por uma paleta de cores bem específica, mas dá pra entender pq esse filme é o preferido de muita gente.

Inclusive dá vontade de ir a frança depois de assistir esse filme, mas é só ver uma foto real do lugar que a vontade vai embora.",2024,2024,,False,False
tt14513804,Captain America: Brave New World,2025,4.5,"Também conhecido como capitão America sem capitão América, não é tão ruim quanto eu esperava. Dá pra se divertir até.

Mas tipo, vilão ruim, o cara fazendo mil coisas sobre-humanas sem ter tomado o soro de super soldado, o Hulk vermelho sendo derrotado com uma solução muito ruim. Enfim, um monte de coisas que me incomodaram.

Já teve filmes piores da Marvel. Consigo perdoar esse até. Mas o que eu não perdoo é a cena pós créditos minha nossa que coisa ruim não faz o menor sentido.",2025,2025,['Marvel'],True,False
tt20215234,Conclave,2024,7.0,"Depois desse marketing todo, tive que ver.

Em Conclave (2024) nós acompanhamos o Decano Lawrence em sua missão de organizar o Conclave após o Papa morrer. Mas como diria a Selena Gomez: nem tudo é o que parece ser.

O filme deixa muito claro que existe uma ala progressista e uma ala conservadora. Progressista aqui significa basicamente não odiar gays, já conservador é odiar gays, muçulmanos, etc. E o filme tem um lado, o lado liberal. E não deixa dúvidas que os conservadores são a oposição que nosso personagem principal precisa combater, afinal, a igreja não pode retroceder há como era 50 anos atrás. Nisso, o filme é bastante caricato, com os personagens e suas opiniões entrando nessas caixinhas sem muito espaço pra nuances.

Bom, com essa premissa, fui me deixando levar pelo filme. É muito interessante ver o jogo dos votos, as estratégias sendo feitas quando novas informações chegam a publico.

O filme é muito bem dirigido. Uma fotografia muito linda, tudo muito bem feito. Eu geralmente relevo a ideologia do filme, mesmo que eu discorde. Então tava até gostando, mas o final já achei paia. Não estrega totalmente o filme, mas é decepcionante. Pra um filme que foi construindo tudo tão devagar, um candidato vencendo meio do nada foi bem chato. E depois de escolhido o Papa, não dá tempo de fazer uma discussão mais profunda e nem ao menos ver a reação das pessoas. Não foi um bom final.",2025,2025,,True,False
tt34874258,Cunk on Life,2024,7.5,,2025,2025,,False,False
tt12299608,Mickey 17,2024,7.5,"É bom. Acho que o mundo não tava preparado para uma ficção científica assim, mas pra um fã de Doctor Who é um passeio na praça. Inclusive algumas vezes o filme me pareceu um prequel de “Dot and Bubble”, um ep da 1° temporada da Disney.

Acredito que o filme se sustente sozinho mesmo sem considerar as críticas sociais. Mas agora focando nelas, dessa vez ficaram muito mais escrachadas, acho que podiam ter feito de maneira mais inteligente. As críticas me lembraram muito mais **Não Olhe para Cima (2021)** do que **Parasita (2019)**, o outro filme do Bong Joon-ho que fez ele conseguir tanta verba pra fazer esse aqui.

obs: Não precisa ver os outros 16 filmes do Mickey pra entender esse.",2025,2025,,False,False
tt0079501,Mad Max,1979,5.0,"Do mesmo diretor de **Babe - O Porquinho Atrapalhado (1995)** e **Babe - O Porquinho Atrapalhado na Cidade (1998)**, aqui inicia uma das maiores sagas de todos os tempos: Mad Max!

Mas esse inicio aqui é bem chato. Tá eu entendo, filme antigo e tals. Mas tirando o ritmo lento, o filme não é ruim. E é interessante ver o começo de tudo.",2025,2025,,False,False
tt0082694,Mad Max 2,1981,6.1,"Agora a gente começa a ver o Mad Max que todo mundo conhece. Mundo pós-apocalíptico, muito deserto e gente doida. Esse aqui é o melhor da trilogia original.",2025,2025,,False,False
tt0089530,Mad Max Beyond Thunderdome,1985,4.5,"É ruim. Começa bem até, a gente vai relevando algumas coisas mas depois fica só ruim mesmo.",2025,2025,,False,False
tt1392190,Mad Max: Fury Road,2015,9.2,"Ah finalmente os refrescos. Esse aqui é a estrela da franquia! De longe, o melhor! Inclusive considerado por muitos o melhor filme de ação de todos os tempos. Não faço a menor ideia de como que fizeram esse filme sem ter matado ninguém no processo, pq que espetáculo de explosões, corridas, acrobacias e tudo que tem direito.",2025,2025,,False,False
tt12037194,Furiosa: A Mad Max Saga,2024,8.0,"É bom! Claro, não é um estrada da fúria, mas é um prequel que não faz vergonha nenhuma. Tem historia, tem ação e ainda me fez entender melhor o estrada da fúria, explorando melhor o universo de uma maneira muito legal.",2025,2025,,False,False
tt0081505,The Shining,1980,9.0,"Simplesmente cinema. Stanley Kubrick tá de parabéns.

Esse filme leva seu tempo para construir o terreno, mas é tudo feito de maneira impecável. Você fica realmente se importando com os personagens e entende o que leva as coisas acontecerem daquele jeito. Tudo isso sem ser chato e lento como **2001 - Uma Odisseia no Espaço (1968)**, que apesar de ser um grande filme não deixa ser cansativo em alguns momentos.

E tudo perfeito. O cenário, o modo que as filmagens são feitas, a trilha sonora, as atuações. Tudo ajuda a contar a história e contribui para imersão.",2024-09-14,2024-09-14,,False,False
tt5606664,Doctor Sleep,2019,8.2,"é MUITO BOM VÉI! Imagina o desafio de fazer uma sequência pra O Iluminado. O filme do Stanley Kubrick. Mesmo assim aqui o diretor foi muito bem.

Primeiro que atualizou o filme pra um ritmo moderno. Sem takes longos. Esse filme me entreteve bem mais que o outro. Não vou cometer o crime de dizer que ele é melhor que o anterior, tenham calma. Mas é sim bem mais palatável para audiências modernas (gente não cult) e posso recomendar com menos medo.

Só pra eu não ficar aqui só falando bem, uma coisa que me incomodou um pouco nesse filme é que ele é mais literal que o outro. Ele explica as coisas melhor, inclusive coisas do filme anterior. Isso é bom, até me ajudou a entender melhor o Iluminado. Mas, ao mesmo tempo, tira um pouco do mistério, da dúvida. Às vezes é bom deixar as coisas nas entrelinhas.

Esse filme tbm tira um pouco do ar mistico, então medo mesmo eu senti menos nesse filme. Tipo, se antes os poderes eram algo inexplicável, mistico, tipo o garotinho do **O Sexto Sentido (1999)**, aqui tá mais pra uns X-men.

Mas pô. A ideia toda dessa saga é muito boa todo o conceito é muito interessante. Acho que de terror, não consigo lembrar aqui algum filme que eu tenha assistido melhor que esses dois.",2024,2024,,False,False
tt14961016,Ainda Estou Aqui,2024,8.3,"Que filme, que atuação, que qualidade.

Eu entendo quem não gostou do filme pq ele é propaganda esquerdista e bem parcial. Não mostra o outro lado sobre os terroristas da época, terroristas estes que se tivessem ganhado fariam uma ditadura mil vezes pior. E tbm não deixa de ser hipócrita visto que as pessoas que fizeram o filme defendem a ditadura do STF que vivemos hoje e gritam ""sem anistia"".

Mas o filme não se propõe a isso. Ele conta brilhantemente a visão da Eunice Paiva ao perder o marido, e dos filhos de perder o pai. Ele é parcial e precisa ser parcial.

E tá, filme nacional com crítica social já saturou, mas aqui foi tão bem feito, e não deixa de ser importante relembrar que a ditadura foi um período sombrio da história do Brasil.

Tbm preciso elogiar o quão bem o filme recriou o Rio de Janeiro de antigamente. Os carros as roupas tudo.",2025,2025,,False,False
tt0762107,I Now Pronounce You Chuck & Larry,2007,6.5,"Eu já tô acostumado com o Adam Sandler no final de todos os filmes ficando com a mulher gostosa. Mas em Eu os Declaro Marido e… Larry (2007) o filme olha para minha cara e jura que ele é o grande pegador aponto das mulheres comprarem um CALENDÁRIO com a foto dele. Aí faltou timidez, faltou autorreconhecimento da parte dele né.

Mas tirando isso é um bom filme do Adam Sandler. Ele tbm levanta uma pauta social importante de uma forma inteligente, então ficou legal.",2025,2025,,False,False
tt8999762,The Brutalist,2024,6.0,"É um filme Brutalista mesmo. É um filme bastante longo, com 3 horas e 20 minutos de duração. E que na minha opinião, não foram necessários. Eu entendo, brutalismo tem que ser algo grande. Mas o filme não tinha tanta história assim pra 3 horas.

Agora se **Eu os Declaro Marido e… Larry (2007)** quer me convencer que o Adam Sandler é bonito, esse aqui tenta me convencer que brutalismo é bonito. O personagem principal constrói um prédio todo mundo bate palma, ai vc vai ver o prédio é horroroso.

Eu terminei o filme com a sensação de que não peguei o filme todo. Que é um filme pra ver mais de uma vez. Entretanto, 3h de duração não vou ver não desculpe.",2025,2025,,False,False
tt1609486,Harold and the Purple Crayon,2024,5.5,É um bom filme infantil. Cumpre o que promete.,2025,2025,,True,True
tt0172495,Gladiator,2000,9.2,"É realmente um clássico do cinema. Trilha sonora espetacular, muita ação de qualidade, efeitos especiais incríveis e uma história genuinamente boa. É disso que o cinema precisa. Se eu tenho algo pra falar mal é que durante as batalhas o diretor exagerou nos cortes rápidos e as cenas ficaram confusas, mas tbm não é o fim do mundo. Máximus Décimus pra mim já tá nos top melhores protagonistas de todos os tempos.",2025,2025,,True,False
tt9218128,Gladiator II,2024,7.8,"O primeiro foi tão bom que eu já fui ver esse aqui com um pé atrás. 24 anos depois querer fazer uma continuação de um filme que simplesmente não precisava. Mas Gladiador 2 não é ruim não. Me entreteve é divertido. Não é tão bom quanto o primeiro filme, mas valeria de boa uma ida ao cinema.

Tudo aqui tá mais grandioso, o que é natural, por agora temos mais tecnologia. Mas, ao mesmo tempo, as motivações, a história, os personagens não estão tão bem construídos, fechadinhos… Isso me incomodou mas as outras coisas fazem o filme valer a pena. Outra coisa que não gostei foi uns macacos deformados que aparecem, meio macaco meio cachorro ficou um CGI bem ruim e tirou minha imersão um pouco, ainda bem que depois passou não teve mais.",2025,2025,,True,False
tt28607951,Anora,2024,8.0,"É divertidíssimo. O começo eu fiquei tipo, mas gente é filme pornô isso aqui é? aí depois tem a melhor sequência de eventos possível e o final bem blé. Montanha-russa de emoções (nossa fiz uma piada sem querer aqui).

A atriz principal aqui tá ótima. Ainda acho que a Fernanda Torres deveria ter ganho o Oscar de melhor atriz, mas a Mikey não fez feio não.

Já o ator que faz o twink lá me convenceu totalmente que ele é um adolescente crianção irresponsável, se eu ver na rua chuto quero nem saber.",2025,2025,,False,False
tt10621032,Lupin III: The First,2019,8.0,"Que filme divertido! Trilha sonora impecável, animação muito bem feita com um estilo anime só que 3D. Não pensa muito, só vai na onda do filme e se divirta. Pode colocar a família toda pra assistir tbm.

Uma pena que tenha só um filme pq assistiria de boas uma continuação.",2025-06-13,2025-06-13,,True,True
tt0250494,Legally Blonde,2001,8.1,"Finalmente um filme que fala de preconceito e todo o estigma associado a essa classe tão sofrida. Estou falando de **Legalmente Loira (2001)**!

Esse filme não tinha direito de ser tão bom. Uma comédia muito bem feita, com umas sacadas ótimas. É um verdadeiro marco do seu gênero.",2025,2025,,False,False
tt0333780,"Legally Blonde 2: Red, White & Blonde",2003,6.0,"Uma pena que a continuação **Legalmente Loira 2 (2003)** não mantêm a qualidade. Aqui o roteiro é bem mais pobre, e a personagem principal ficou bem mais estereotipada sofrendo de um caso leve de flanderização. Mas o filme não é uma porcaria completa não, dá para se divertir.",2025,2025,,False,False
tt28443655,Death of a Unicorn,2025,5.2,"Tem um conceito interessante, o trailer me convenceu a assistir e fui com grandes expectativas. Mas o filme é, infelizmente, previsível e que não surpreende. Uma pena, até pelo grande elenco",2025-06-20,2025-06-20,,True,False
tt0114709,Toy Story,1995,,,,,,True,True
tt0120623,A Bug's Life,1998,,,,,,True,True
tt0120363,Toy Story 2,1999,,,,,,True,True
tt0198781,"Monsters, Inc.",2001,,,,,,True,True
tt0266543,Finding Nemo,2003,,,,,,True,True
tt0317705,The Incredibles,2004,,,,,,True,True
tt0317219,Cars,2006,,,,,,True,True
tt0382932,Ratatouille,2007,,,,,,True,True
tt0910970,WALL·E,2008,,,,,,True,True
tt1049413,Up,2009,,,,,,True,True
tt0435761,Toy Story 3,2010,,,,,,True,True
tt1216475,Cars 2,2011,,,,,,True,True
tt1217209,Brave,2012,,,,,,True,True
tt1453405,Monsters University,2013,,,,,,True,True
tt2096673,Inside Out,2015,,,,,,True,True
tt1979388,The Good Dinosaur,2015,,,,,['Vi no Cinema'],True,True
tt2277860,Finding Dory,2016,,,,,,True,True
tt3606752,Cars 3,2017,,,,,,True,True
tt2380307,Coco,2017,,,,,,True,True
tt3606756,Incredibles 2,2018,,,,,,True,True
tt1979376,Toy Story 4,2019,,,,,['Vi no Cinema'],True,True
tt7146812,Onward,2020,,,,,,True,True
tt2948372,Soul,2020,,É o divertidamente da alma.,2020,2020,,True,True
tt12801262,Luca,2021,,,,,,True,True
tt8097030,Turning Red,2022,,,,,,True,True
tt10298810,Lightyear,2022,,,,,,True,True
tt15789038,Elemental,2023,,,,,,True,True
tt22022452,Inside Out 2,2024,8.0,"É muito bom, talvez até melhor que o original.

A Disney tem que parar de ficar fazendo continuações e me doeu ir no cinema incentivar esse comportamento, mas aqui eles acertaram muito. Inclusive tem a melhor representação de uma crise de ansiedade que eu já vi (a última tinha sido em gato de botas 2).",2024,2024,['Vi no Cinema'],True,True
tt0371746,Iron Man,2008,,,,,['Marvel'],True,True
tt0800080,The Incredible Hulk,2008,,,,,['Marvel'],False,False
tt1228705,Iron Man 2,2010,,,,,['Marvel'],True,True
tt0800369,Thor,2011,,,,,['Marvel'],True,True
tt0458339,Captain America: The First Avenger,2011,,,,,['Marvel'],True,True
tt0848228,The Avengers,2012,9.0,,,,['Marvel'],True,True
tt1300854,Iron Man 3,2013,,,,,['Marvel'],True,True
tt1981115,Thor: The Dark World,2013,,,,,['Marvel'],True,True
tt1843866,Captain America: The Winter Soldier,2014,,,,,['Marvel'],True,True
tt2015381,Guardians of the Galaxy,2014,,,,,['Marvel'],True,True
tt2395427,Avengers: Age of Ultron,2015,,,,,['Marvel'],True,True
tt0478970,Ant-Man,2015,,,,,['Marvel'],True,True
tt3498820,Captain America: Civil War,2016,,,,,['Marvel'],True,True
tt1211837,Doctor Strange,2016,,,,,['Marvel'],True,True
tt3896198,Guardians of the Galaxy Vol. 2,2017,,,,,['Marvel'],True,True
tt2250912,Spider-Man: Homecoming,2017,,,,,['Marvel'],True,True
tt3501632,Thor: Ragnarok,2017,,,,,['Marvel'],True,True
tt1825683,Black Panther,2018,,,,,['Marvel'],True,True
tt4154756,Avengers: Infinity War,2018,9.2,,,,"['Marvel', 'Vi no Cinema']",True,True
tt5095030,Ant-Man and the Wasp,2018,,,,,['Marvel'],True,True
tt4154664,Captain Marvel,2019,,,,,['Marvel'],True,True
tt4154796,Avengers: Endgame,2019,10.0,"Vão me crucificar por essa nota 10? Óbvio. Sempre tem aquele crítico chato que vai vomitar um “ah, mas tem um furo” ou “ah, mas tem um erro naquela cena”. Eu até concordo que **Vingadores: Guerra Infinita (2018)** pode ser mais “redondinho” tecnicamente, mas Endgame? Endgame é sentimento puro.

Nenhum outro filme me proporcionou tanto impacto emocional quanto esse. Nenhum outro filme chegou (ou vai chegar) perto do espetáculo que foi esse aqui. Foram mais de 10 anos de construção para esse momento. É o ápice do cinema, é êxtase puro, é a tão esperada catarse com o fechamento épico que todos estavam esperando. Nota 10 com todo o merecimento do mundo.",,,"['Marvel', 'Vi no Cinema']",True,True
tt6320628,Spider-Man: Far From Home,2019,,,,,['Marvel'],True,True
tt3480822,Black Widow,2021,,,,,['Marvel'],True,True
tt9376612,Shang-Chi and the Legend of the Ten Rings,2021,,,,,"['Marvel', 'Vi no Cinema']",True,True
tt9032400,Eternals,2021,,,,,['Marvel'],True,True
tt10872600,Spider-Man: No Way Home,2021,,,,,['Marvel'],True,True
tt9419884,Doctor Strange in the Multiverse of Madness,2022,,,,,"['Marvel', 'Vi no Cinema']",True,True
tt10648342,Thor: Love and Thunder,2022,,,,,['Marvel'],True,True
tt9114286,Black Panther: Wakanda Forever,2022,,,,,['Marvel'],True,True
tt10954600,Ant-Man and the Wasp: Quantumania,2023,,,,,['Marvel'],True,True
tt6791350,Guardians of the Galaxy Vol. 3,2023,,,,,['Marvel'],True,True
tt10676048,The Marvels,2023,,,,,['Marvel'],True,True
tt6263850,Deadpool & Wolverine,2024,,,,,['Marvel'],False,False
tt31193180,Sinners,2025,8.0,"Ação e critica social. Filmaço. O início eu achei um pouco lento, infelizmente tinha visto um spoiler sobre o que o filme realmente é, aí prejudicou um pouco a experiência, mas não tanto assim porque ainda gostei bastante.

A cena musical, se você viu o filme sabe qual é, é tão boa que vale a pena eu destacar aqui como um dos pontos altos do filme. O final do filme também é muito bom, mas o pós-créditos achei meio desnecessário, não precisava.

Uma coisa engraçada é que eu passei o filme todo pensando se os irmãos são interpretados pelo mesmo ator. São atores diferentes? É o mesmo duplicado? Fiquei o filme inteiro tentando identificar até pesquisar o elenco.",2025-06-22,2025-06-22,,False,False
tt0356150,EuroTrip,2004,6.9,"É aquele humor pastelão que a gente sente falta. É basicamente americano zoando europeu, mas é muito engraçado. Eu só não reclamaria se tivesse menos cenas de nudez.",2024,2024,,False,False
tt0095705,The Naked Gun: From the Files of Police Squad!,1988,7.0,"Eu não sei se eu tava muito cansado quando eu assisti ou simplesmente não tava na vibe, mas não consegui rir muito além de sorrisos tímidos nesse filme. Ainda assim, dá pra perceber que ele é cheio de piadas boas, rápidas e bem construídas. Quase toda cena traz alguma sacada criativa.

Talvez o problema seja eu, ou talvez o tempo passou e esse tipo de humor, que funcionou tão bem para gerações anteriores, já não tem o mesmo impacto para públicos modernos.",2025-06-24,2025-06-24,,False,False
tt0102510,The Naked Gun 2½: The Smell of Fear,1991,7.0,"Os filmes dessa trilogia, na verdade, são bem similares em qualidade.",2025-06-26,2025-06-26,,False,False
tt0110622,Naked Gun 33 1/3: The Final Insult,1994,7.0,"Segue a mesma linha dos outros filmes da trilogia. Mas aqui consigo trazer de grande destaque a cena inicial, quem pensou naquilo que coisa genial que situação absurda.",2025-06-28,2025-06-28,,False,False
tt5950044,Superman,2025,7.4,"Eu não considero o trabalho do Zack Snyder ruim. Mas esse filme trouxe de volta o super-homem de verdade: Aquele cara que é realmente bom, que vc quer ser amigo dele, que é um exemplo de bondade e altruísmo.

Foi simplesmente revigorante ver esse filme, tanto pelo David Corenswet ser extremamente carismático, quanto pelo tom do filme que é leve e divertido.",2025-08-05,2025-08-05,,True,True
tt26743210,How to Train Your Dragon,2025,7.5,"Finalmente um filme que mostra que é, sim, possível fazer um live action bom. Se o filme original já é uma obra-prima, pra que inventar moda? Fizeram um filme bastante fiel à animação, bom CGI e atores parecidos (a maioria).

Espero que tenha continuação.",2025-08-08,2025-08-08,,True,True
tt0795421,Mamma Mia!,2008,8.0,"É lindo, é divertido, é romântico, é musical!

Que vontade que dá de ir para Grécia, que lugar maravilhoso. É um filme imperdível para quem é fã do grupo ABBA. E me surpreendeu, pois é um musical em que as cenas de música fluem muito bem, soam naturais. Além de claro, das músicas serem ótimas.

Ele passa uma sensação meio sessão da tarde tbm, mas de uma forma boa. Recomendo.",2024,2024,,True,False
tt6911608,Mamma Mia! Here We Go Again,2018,6.0,"Infelizmente, esse aqui não é tão bom. Primeiro que acabaram as músicas, então tiveram que repetir umas ou trazer outras menos conhecidas. Segundo que o filme simplesmente não tem historia. Fica intercalando entre repetir o que a gente já sabia do filme anterior e uma história extremamente sem graça cujo o grande problema foi “choveu”.

Acho que ele tentou ser um poderoso chefão 2, mas acabou virando o filme do Han Solo. Quando vc conta a história de uma pessoa assim fica parecendo que a vida toda dela durou uma semana, tira um pouco da magia. Mas ainda assim, é divertido rever os personagens.",2024,2024,,True,False
tt0811080,Speed Racer,2008,7.0,"CGI, ninjas e um macaco (não necessariamente nessa ordem). Eu estou falando de Speed Racer (2008)!

Eu não sei quem teve coragem de colocar dinheiro nesse filme, pq eu não teria. Mas de algum modo deu certo. Tem seus defeitos, tipo, eu achei que o filme demorou pra pegar o tranco e convenhamos que é bem brega. Mas pô, que filme massa véi!

E eu finalmente conheci a história do carrinho de Hot Wheels que eu tinha quando criança!",2024,2024,,True,True
tt1645170,The Dictator,2012,6.2,Tem umas piadas muito boas e junto com aquelas críticas sociais bem características do Sacha Baron. Se vc gostou de Borat vc vai gostar desse aqui tbm.,2024,2024,,False,False
tt0196229,Zoolander,2001,7.1,**Zoolander (2001)** é aquele filme de comédia besteirol pra assistir desligando o cérebro. Ele encerra bem a história e me fez pensar que não precisava de continuação.,2024,2024,,False,False
tt1608290,Zoolander 2,2016,7.1,**Zoolander 2 (2016)** teve que fazer um monte de maluquice no roteiro pra fazer encaixar uma continuação. Mas mesmo assim valeu a pena. O filme é tão engraçado quanto o primeiro e ainda faz uma espécie de paródia de O Código Da Vinci que eu achei hilario.,2024,2024,,False,False
tt0942385,Tropic Thunder,2008,7.5,"Seguindo com os filmes do Ben Stiller, Trovão Tropical (2008) é uma doidera que funciona.

O filme começa passando trailer de outros filmes de dentro do universo do próprio filme e aí coisas vão acontecendo que só depois que a gente entende realmente qual a premissa do filme. Que é muito criativa.

E o filme zoa um monte de coisa, tem umas piadas bem engraçadas. Aprovado.",2024,2024,,False,False
tt9914192,No Gogó do Paulinho,2020,6.8,"Um tempo atrás eu estava conversando no ônibus e alguém me falou que **Forrest Gump - O Contador de Histórias (1994)** tinha uma versão brasileira.

Mas como assim? Forrest Gump é um dos melhores filmes de todos os tempos. Refazer ele pro Brasil seria uma tarefa praticamente impossível. Que ator substituiria o Tom Hanks? Que eventos históricos poderiam substituir a Guerra do Vietnã?

Pois bem, senhoras e senhores. Esse filme é nada mais nada menos aquele que teve zero votos na enquete que eu fiz de qual o próximo filme que eu iria assistir. Eu estou falando de **No Gogó do Paulinho (2020)**. É claro que o contador de histórias tinha que ser o dono do bordão “Quem não tem dinheiro conta história”.

Pois bem, o filme é bom? Não. Mas eu ri, e acho que isso que importa. Mas nossa, o filme é tão tosco. Tem um monte de piada que vc fica: “eles não vão fazer…” mas eles fazem! E o pior de tudo é que o filme é canon, é a história de origem do Paulinho Gogó que a gente vê na praça é nossa.",2024,2024,,False,False
tt17526714,The Substance,2024,7.5,"**A Substância (2024)** é terror, é gore, é critica social. E deu certo porque o filme entretém pra caramba.

Inclusive, a Demi Moore é uma das principais cotadas para o Oscar de melhor atriz, tanto por esse filme quanto por ser uma maneira da academia homenagear ela por todos esses anos sem ter ganhado nenhum Oscar. Entretanto, esse filme não tem muita cara de Oscar. Vamos ver o que vai acontecer.

Edit: Ela perdeu pra Mikey Madison, de **Anora (2024)**.",2025,2025,,False,False
tt13622970,Moana 2,2024,4.0,"Ela não tem música marcante, ela não tem vilão que preste, ela não tem personagens sendo desenvolvidos, mas por algum motivo ela tem o povo pq bateu mais de 1 bilhão de bilheteria.

Esse filme era pra ser uma série, mas aí decidiram fazer um filme. E não ficou bom não. E ainda termina com gancho pra mais uma continuação que ninguém pediu. É que pra mim tirou bastante da magia da coisa, sabe? O primeiro filme tinha muito mais alma.

Mas sei lá, pelo menos é engraçadinho",2025,2025,,True,True
tt13186482,Mufasa: The Lion King,2024,3.0,"É ruim. Os caras estão fazendo um prequel do REI LEÃO, existe um peso muito grande aqui. O mínimo que eu espero é um roteiro extremamente bem feito e que não se atreva a mexer na obra-prima que é o filme original. Eu até ignorei todos os defeitos do fato de ser um live action e todos os problemas que o live action anterior teve, mas mesmo assim pouco desse filme de salva.

O roteiro todo flui de maneira não natural, motivações bem ruins tbm pra poder terminar o filme com a situação que o Rei Leão começa. E inventaram um monte de coisa bem ruim:

Agora o Mufasa tem o “super poder” de identificar as coisas pelo cheiro a distâncias absurdamente grandes.

Mostra toda uma motivação do Scar que simplesmente não precisava. Não quero que ninguém fique com pena dele, ele é literalmente um fascista. Já é o suficiente saber que ele é o irmão mais novo, portanto ressentido que nunca será Rei.

Basicamente, o Scar é o filho do rei, legítimo do trono. Mas aí aparece o Mufasa de fora. Vem uns leões brancos que são do mal pq sim e matam todo mundo. o Scar e o Mufasa fogem, no caminho o Scar se apaixona por uma leoa lá, mas o Mufasa fura o olho dele (no caso a leoa que escolheu o Mufasa) aí o Scar fica bravo e vai dar com a língua nos dentes pros vilões mostrando onde tá todo mundo escondido.

No final o rei dos vilões lá que é só um leão branco maior vai matar o Mufasa mas o Scar passa na frente e é assim que ele ganha a cicatriz dele. Inclusive, antes ele não se chamava Scar. Passa a se chamar numa cena meio paia dele sendo julgado aí ele fala ""me chama de Scar então"")",2025,2025,,True,True
tt7888964,Nobody,2021,6.8,"É meio brega né. Tudo bem, tem ação de extrema qualidade. Inclusive cenas incríveis com lutas muito criativas. Simplesmente impecável nesse aspecto. Mas a história do filme mesmo é bem clichê.

Agora, o filme não deixa de entreter e cumprir o que promete. Vale a pena se for o seu tipo de filme.",2024,2024,,True,False
tt28696532,O Auto da Compadecida 2,2021,5.2,"Gravar o filme todo em estúdio prejudicou bastante o filme. Tiveram que usar muito CGI tbm.

A estética do filme mesmo não ficou ruim, eu gostei. Mas acho que não ficou com cara de Alto da Compadecida, se tivessem guardado para um outro filme original seria melhor.

A história em si ficou razoável. Esperava mais, mas tbm não é perda total.",2024,2024,,True,False
tt0449059,Little Miss Sunshine,2006,8.2,"Pensei que seria mais um daqueles filmes de viajem de sessão da tarde. Mas esse aqui tem um tempero diferente. Só vai, é um filme realmente muito bom.",2024,2024,,True,False
tt28150132,Omni Loop,2024,7.0,"Filme gringo com diretor Brasileiro. Resolvi dar uma chance e não me arrependi. É um filme bastante criativo com um final meio decepcionante, mas que entendi do porquê. E acredito que o filme valha a pena.",2024,2024,,True,False
tt2049403,Beetlejuice Beetlejuice,2024,7.0,Se você gostou do primeiro filme vai gostar desse aqui tbm. Extremamente Tim Burton com sempre.,2024,2024,,True,False
tt8864596,Transformers One,2024,7.9,"Finalmente um filme de Transformers sem humanos. E é um filme feito para os fãs da franquia, inclusive acho que merece ganhar continuação.",2024,2024,"['Transformers', 'Vi no Cinema']",True,True
tt6341832,Oxygen,2021,7.2,"Tem uma folha lá na UFBA que quando vc joga ela do alto ela cai girando e é muito legal toda vez que eu vejo jogo ela do quinto andar e olho ela cair. Aí certa vez estava jogando e o coordenador do meu curso viu e falou: uau que legal tem um filme com essa folha assista

Aí fui ver com um pé atrás pq a Netflix não tem um bom histórico com ficção cientifica. E pô o filme me surpreendeu. É bem bom, não posso falar quase nada pq se não é spoiler mas gostei aprovado",2025,2025,,True,False
tt5822536,Paddington in Peru,2024,5.8,"**Paddington in Peru (2024)** achei sem graça. Filme sem maiores surpresas, apenas uma aventura normal do Paddington.

Curiosamente o título desse filme no Brasil é ""Paddington - Uma Aventura na Floresta"". Provavelmente pq não teríamos maturidade para um filme chamado Paddington no Peru.",2025,2025,,True,True
tt8076344,Penguin Highway,2018,9.0,"**Penguin Highway (2018)** é muito mais do que eu tava esperando. É o primeiro longa-metragem do Studio Colorido e eles acertaram em cheio.

Fazia tempo que eu não via um filme assim, que traz uma sensação de estar vendo algo verdadeiramente novo. Achei que veria só um filme fofinho sobre pinguins e recebi uma das aventuras mais legais de acompanhar, inclusive de tentar resolver os mistérios junto com os personagens.

Seria um filme perfeito, se não fosse pela obsessão do protagonista por peitos. Isso não é algo que possa ser retirado do filme facilmente, pois tem sua importância no roteiro. Mas, mesmo assim, certas cenas passam um pouco do ponto e são um tanto quanto questionáveis, para não dizer estranhas e problemáticas. Mas é o Japão, né?",2024,2024,,False,False
tt5779228,The Garfield Movie,2024,6.4,**Garfield - Fora de Casa (2024)** é bom. Legalzinho gostei. Só não sei pq o título em português parece de filme do homem aranha e nem pq resolveram colocar nos créditos um monte de stock vídeos de gatos em vez de gravar vídeos próprios,2024,2024,,True,True
tt2005151,War Dogs,2016,8.0,"**Cães de Guerra (2016)** é um daqueles filmes baseados em fatos reais que a gente fica pensando não é possível que isso aconteceu mesmo, aí vai pesquisar e realmente aconteceu (a maior parte, pelo menos).

Quando eu dei o play eu tava esperando um filme de comédia besteirol, tanto pelo diretor ser o mesmo de **Se Beber, Não Case!**, mas principalmente pelos dois atores principais. Só que é um filme com uma crítica social fortíssima, um humor bem melhor, mas, ao mesmo tempo, em quantidade bem menor do que eu tava esperando pq o filme tem bastante drama tbm.

Enfim, gostei do filme.",2025,2025,,False,False
tt1119646,The Hangover,2009,7.7,"O primeiro filme da trilogia tem um grande mérito de definir uma formula bastante criativa. É um daqueles filmes que alguém tem uma boa ideia e em cima disso resolvem fazer um filme.

Curiosamente, acho que essa é a primeira trilogia de filmes que eu vejo que é surpreendente constante. Todos os 3 são quase igualmente bons.",2025,2025,,False,False
tt1411697,The Hangover Part II,2011,7.5,"É praticamente igual ao primeiro. Eles seguem a mesma estrutura, mas acaba que dá certo. Como os “eventos” que ocorrem quando eles tão bêbados são diferentes, ambos os filmes se mantém interessantes porque a gente fica tentando descobrir o que aconteceu junto com os personagens.",2025,2025,,False,False
tt1951261,The Hangover Part III,2013,7.3,"Esse é o mais diferente. Ele tem uma pegada mais de ação e tals.

Agora no quesito humor, na verdade não ri muito com nenhum dos filmes não. Não curto tanto esse estilo de humor mais gráfico, com muitos palavrões e etc...

Colocando em ordem, do melhor pro menos melhor acho que fica 1, 2, 3.",2025,2025,,False,False
tt29623480,The Wild Robot,2024,8.4,"Review rápida aqui pra avisar que **The Wild Robot (2024)** é bom, e muito bonito tbm. Espero que a DreamWorks entenda que esse é o caminho correto a se seguir.",2024,2024,,True,True
tt3792960,The Brand New Testament,2015,8.1,"Aviso: Esse filme é bem ofensivo pra quem acredita deus.

Deus existe e é um velho que mora em Bruxelas. Ele controla a terra pelo seu computador, mas quando a filha dele descobre ela mexe no computador e envia pra todo mundo da terra a data de quando vai morrer.

É um filme de comédia, mas, ao mesmo tempo, é um filme lotado de poesia e reflexões sobre a vida. Me surpreendeu positivamente. Às vezes ele dá uma exagerada nas loucuras, ponto negativo, mas dá pra relevar.",2025,2025,,False,False
tt15352542,The Day the Earth Blew Up: A Looney Tunes Movie,2024,7.6,"Quem fez esse filme fumou todas as drogas possíveis. Pegou todas as fitas dos desenhos antigos do Looney Tunes e fumou pq minha nossa.

O filme tem muitas piadas muito boas, o humor bem de desenho antigo mesmo. Ao mesmo tempo que faz uma história bem legal com ação e tbm um lado emocional que acrescenta bastante ao filme.

Uma pena que foi um fracasso nas bilheterias. Por muito muito muito pouco a gente nem mesmo veria esse filme pq a Warner resolveu cancelar um monte de projetos, mas felizmente a Ketchup Entertainment comprou os direitos desse aqui e agora a gente pode ver.",2025,2025,,True,True
tt18161082,Turn Me On,2024,6.2,"Uma pílula remove completamente todos os sentimentos. E todos tomam essa pilula regularmente, inclusive bebês. Até que nossa personagem para de tomar e de repente sente tédio, felicidade, tesão, tristeza, ciumes…

O final tem uma grande revelação que foi jogada de uma maneira muito anticlimática. O filme perdeu pontos por isso, mas foi legal acompanhar a jornada das pessoas experimentando sentimentos pela primeira vez, lidando com eles, etc.",2025,2025,,False,False
tt16366836,Venom: The Last Dance,2024,6.2,"Ah, não é ruim não...",2024,2024,,True,False
tt10954718,Dog Man,2025,6.1,"Um policial e seu cachorro sofrem um terrível acidente e os médicos resolvem grudar a cabeça do cachorro no corpo do policial para salvar os dois.

Isso seria um gore pesadíssimo extremamente perturbador, se não fosse apenas um filme de animação infantil.

**Dog Man (2025)** não se leva a sério e não é pra levar mesmo. Tem umas piadas boas e a história é bem simplesinha tbm, é realmente um filme infantil.

Se você gostou de **As Aventuras do Capitão Cueca: O Filme (2017)** vai com certeza gostar desse aqui.

Só vamos torcer pra nunca fazerem uma live action disso.",2025,2025,,True,True
tt0073629,The Rocky Horror Picture Show,1975,6.9,,2024,2024,,False,False
tt1262426,Wicked,2024,7.7,,,,,True,True
tt3794354,Sonic the Hedgehog,2020,,,,,,True,True
tt12412888,Sonic the Hedgehog 2,2022,,,,,,True,True
tt18259086,Sonic the Hedgehog 3,2024,8.6,"Que filme bom! O melhor dos filmes do Sonic até agora. Piadas boas e muita ação. Um super acerto!

Nunca duvidei!!!

Um fato engraçado é que quando o filme estava acabando eu olhei pro lado e minha prima de 15 anos estava em lagrimas e eu me poquei de rir no cinema. Pelo jeito esse filme consegue ser de drama também.",2025-01-18,2025-01-18,,True,True
tt0241527,Harry Potter and the Sorcerer's Stone,2001,,,,,['Harry Potter'],True,True
tt0295297,Harry Potter and the Chamber of Secrets,2002,,,,,['Harry Potter'],True,True
tt0304141,Harry Potter and the Prisoner of Azkaban,2004,,,,,['Harry Potter'],True,True
tt0330373,Harry Potter and the Goblet of Fire,2005,,,,,['Harry Potter'],True,False
tt0373889,Harry Potter and the Order of the Phoenix,2007,,,,,['Harry Potter'],True,False
tt0417741,Harry Potter and the Half-Blood Prince,2009,,,,,['Harry Potter'],True,False
tt0926084,Harry Potter and the Deathly Hallows: Part 1,2010,,,,,['Harry Potter'],True,False
tt1201607,Harry Potter and the Deathly Hallows: Part 2,2011,,,,,['Harry Potter'],True,False
tt3183660,Fantastic Beasts and Where to Find Them,2016,,,,,"['Harry Potter', 'Vi no Cinema']",True,True
tt4123430,Fantastic Beasts: The Crimes of Grindelwald,2018,,,,,"['Harry Potter', 'Vi no Cinema']",True,False
tt4123432,Fantastic Beasts: The Secrets of Dumbledore,2022,,,,,['Harry Potter'],True,False
tt0120737,The Lord of the Rings: The Fellowship of the Ring,2001,,,,,['Lord of the Rings'],True,False
tt0167261c,The Lord of the Rings: The Two Towers,2002,,,,,['Lord of the Rings'],True,False
tt0167260,The Lord of the Rings: The Return of the King,2003,,,,,['Lord of the Rings'],True,False
tt0903624,The Hobbit: An Unexpected Journey,2012,,,,,['Lord of the Rings'],True,False
tt1170358,The Hobbit: The Desolation of Smaug,2013,,,,,['Lord of the Rings'],True,False
tt2310332,The Hobbit: The Battle of the Five Armies,2014,,,,,['Lord of the Rings'],True,False
tt0076759,Star Wars: Episode IV - A New Hope,1977,,,,,['Star Wars'],True,False
tt0080684,Star Wars: Episode V - The Empire Strikes Back,1980,,,,,['Star Wars'],True,False
tt0086190,Star Wars: Episode VI - Return of the Jedi,1983,,,,,['Star Wars'],True,False
tt0120915,Star Wars: Episode I - The Phantom Menace,1999,,,,,['Star Wars'],True,False
tt0121765,Star Wars: Episode II - Attack of the Clones,2002,,,,,['Star Wars'],True,False
tt0121766,Star Wars: Episode III - Revenge of the Sith,2005,,,,,['Star Wars'],True,False
tt2488496,Star Wars: Episode VII - The Force Awakens,2015,,,,,"['Star Wars', 'Vi no Cinema']",True,False
tt3748528,Rogue One: A Star Wars Story,2016,9.0,,,,"['Star Wars', 'Vi no Cinema']",True,False
tt2527336,Star Wars: Episode VIII - The Last Jedi,2017,,,,,"['Star Wars', 'Vi no Cinema']",True,False
tt3778644,Solo: A Star Wars Story,2018,,,,,['Star Wars'],True,False
tt2527338,Star Wars: Episode IX - The Rise of Skywalker,2019,,,,,"['Star Wars', 'Vi no Cinema']",True,False
tt1921043,O Palhaço,2011,5.5,"Será que o problema sou eu? Filme chato pra caramba. Tem seus momentos legais, mas não me conectei muito com esse filme não.",2025-07-25,2025-07-25,,True,False
tt13718120,"Gilda, Lúcia e o Bode",2020,6.2,"Esse filme me fez assistir uma série da Globo antes. Mas ainda bem que foi só o primeiro episódio, porque **Amor e Sorte (2020)** tem uma história diferente a cada episódio.

Mas bem, acabou que o episódio da série é melhor que o filme. Mas o filme também é divertido e é bom ver as personagens novamente.",2025,2025,,True,False
tt14205554,KPop Demon Hunters,2025,8.0,"Véi que filme bom. Pegaram uma ideia doida, fizeram e deu certo.",2025,2025,,True,True
tt4900148,Elio,2025,5.0,"*Elio (2025)* tem uma premissa super sem graça, mas o filme não chega a ser ruim. É um filme bem infantil, na verdade. Me deu a sensação de estar vendo aquelas animações de baixo orçamento só que com a qualidade de animação Pixar.

Alias, falando em animação, tudo que não se mexe é absurdamente lindo e detalhado. Mas aí vem os personagens com aquela cara deformada que todo filme recente da Pixar tem que eu não aguento mais.",2025-09-02,2025-09-02,,True,True
tt30017619,The Bad Guys 2,2025,7.5,"É a DreamWorks mostrando como se faz filme: ação, mistério, comédia ~~e furry~~.

Uma coisa que eu gosto dessa franquia é que ela sempre surpreende com a história, o filme vai para onde eu não estava imaginando e isso torna a experiência muito mais legal.",2025-09-02,2025-09-02,,True,True
tt30253473,Materialists,2025,7.6,"Dakota Johnson (**Madame Teia (2024)**) protagoniza uma comédia romântica onde precisa decidir entre o Pedro Pascal (**Wonder Woman 1984 (2020)**) e o Chris Evans (**Lightyear (2022)**). Com quem ela ficou? Você vai ter que assistir para saber, mas já adianto que infelizmente o final não é “os dois homens ficam juntos e ela fica sozinha para aprender”.

Mas bem, a verdade é que não é um filme de comédia e muito menos um filme com romance, é tipo um anti romance então por favor jamais assista com sua namorada a menos que vc queira que ela termine com você. Eu gostei do filme justamente porque não estava esperando uma comédia romântica normal, visto que é um filme da A24 e a mesma diretora de **Vidas Passadas (2023)**.

A sensação que ficou após assistir o filme é: homens e mulheres são seres horríveis, que tristeza esse mundo moderno viramos apenas números. Enfim, como diria Pabllo Vittar, são amores…",2025-09-02,2025-09-02,,False,False
tt31036941,Jurassic World: Rebirth,2025,4.0,"CGI ruim. Nenhum personagem importante morreu (ou seja, todas as mortes foram de figurantes e não tiveram nenhum peso). Roteiro fraco, forçado e clichê. Um monte de Product placement durante o filme. Nerfaram o T-Rex. E em vez de aproveitar os avanços da ciência sobre como são os dinossauros, ele resolve ir para um caminho de dinossauros menos realistas ainda, sem falar nos dinossauros mutantes. Eu não tô pedindo dinossauro com penas, mas pô pelo menos aproveita o filme para ensinar algo.

Uma pena, porque para um filme chamado renascimento esse aqui é só é mais do mesmo, só que piorado. Eu gostaria de comparar esse filme com o anterior, **Jurassic World Dominion (2022)**, mas a verdade é que eu nem ao menos lembro do anterior direito. Aconteceu alguma coisa com o personagem do Chris Pratt? Pra você ver como ele é memorável e o estado que está essa franquia.",2025-09-03,2025-09-03,['Jurassic Park'],True,False
tt18069420,Smurfs,2025,2.5,"Muito ruim. Historia sem graça, não consegui me apegar aos personagens (que são muitos) e tem poucas piadas boas. A dublagem de Rihanna não convence, e as músicas mais atrapalham do que ajudam sendo apenas interrupções no filme. E por algum motivo ficam tendo cenas live action sem que tenha nenhum personagem humano então só fica estranho mesmo.

Aliás, a internet matou o Smurf influencer mesmo né. Tava no trailer e foi simplesmente deletado da existência.",2025-09-03,2025-09-03,,True,True
tt3402138,The Naked Gun,2025,7.0,"**Corra que a Polícia Vem Aí! (2025)** mantém a qualidade da trilogia original sem decepcionar. O que faz os primeiros filmes serem bons continua aqui, com suas situações absurdas e uma sequência ininterrupta de piadas. Mas, ao mesmo tempo, carece de uma inovação maior na trama, que também segue a mesma estrutura dos filmes originais.

O Liam Neeson assume bem o protagonismo, usando sua seriedade para potencializar o humor. Esse filme eu senti falta de assistir no cinema e acredito que vale a pena o ingresso, até pela experiência coletiva de rir junto no cinema.",2025-09-12,2025-09-12,,False,False
tt0266697,Kill Bill: Vol. 1,2003,9.4,"**Kill Bill: Vol. 1 (2003)** e **Kill Bill: Vol. 2 (2004)** são, na verdade, um único filme dividido em duas partes. Por isso, para não repetir, deixei minha review completa na Parte 2.",2025-09-14,2025-09-14,,False,False
tt0378194,Kill Bill: Vol. 2,2004,9.5,"Trata-se de uma verdadeira obra-prima, com um impacto imensurável na cultura pop.

A ação é de altíssima qualidade, repleta da violência estilizada característica de Tarantino, misturada com aquela “loucura” dos filmes asiáticos que eu adoro. O resultado é uma experiência única, intensa e visualmente marcante. Além de uma belíssima trilha sonora.

Com certeza um dos melhores filmes de ação da história. Finalmente um concorrente digno de **O Exterminador do Futuro 2 (1991)**. Dei uma nota levemente maior para o Volume 2 porque a experiência acabou sendo ainda mais envolvente e satisfatória do que no primeiro. Fazer finais bons é difícil e essa historia foi muito bem finalizada (espero que nunca tenha continuação para não estragar).",2025-09-14,2025-09-14,,False,False
tt0770828,Man of Steel,2013,,,,,,True,False
tt2975590,Batman v Superman: Dawn of Justice,2016,,,,,['Vi no Cinema'],True,False
tt1386697,Suicide Squad,2016,,,,,,True,False
tt0451279,Wonder Woman,2017,,,,,,True,False
tt0974015,Justice League,2017,,,,,,True,False
tt1477834,Aquaman,2018,,,,,,True,False
tt0448115,Shazam!,2019,,,,,,True,True
tt7713068,Birds of Prey and the Fantabulous Emancipation of One Harley Quinn,2020,,,,,,False,False
tt7126948,Wonder Woman 1984,2020,,"Que filme épico! Acabei de assistir e ainda estou sem ar. O começo do filme eu achei lento, estava até me preparando para fazer uma crítica negativa. Mas depois o filme foi escalonando até o final épico.

Me lembrou até um episódio de Doctor Who. Que aliás tanto o final do filme quanto o do episódio sofrem do mesmo defeito: ele não é crível, parece algo que os roteiristas colocaram meio forçado pra resolver o problema que eles criaram anteriormente. Mas quem se importa? Não seja chato. Tanto o filme quanto o EP são épicos e eu recomendo muito vcs assistirem.

Silas do presente aqui (janeiro de 2026). Eu não lembro de qual episódio de Doctor Who eu tava falando e nem considero o filme tão bom assim.",2020-12-27,2020-12-27,,True,False
tt12361974,Zack Snyder's Justice League,2021,,,,,,True,False
tt6334354,The Suicide Squad,2021,,,,,,False,False
tt6443346,Black Adam,2022,,,,,,True,False
tt10151854,Shazam! Fury of the Gods,2023,,,,,,True,True
tt0439572c,The Flash,2023,,,,,,True,False
tt9362930,Blue Beetle,2023,,,,,,True,False
tt9663764,Aquaman and the Lost Kingdom,2023,,"É rapaz, teve filme novo do Aquaman e ninguém nem viu. Tbm nasceu morto, o DCU acabou, quem vai ver um filme de um universo que foi cancelado.

Mas ó, pior que o filme é bom. Acima da média dos filmes de super-herói. Um defeito que eu achei é que a bobagem ambientalista (que tbm tava no primeiro filme) aqui eu achei mais forçada. Mas pô, filme familia, bonito que nem o primeiro filme. Tá ótimo.",2024,2024,,True,False
tt14371060,Os Salafrários,2021,,,,,,True,False
tt0050976,The Seventh Seal,1957,3.6,"É ruim e chato. Mais um daqueles filmes cults superestimados que não tem nada de mais.

Não adianta querer trazer um questionamento sobre a vida e a morte. Não adianta tudo mundo atuar de forma estranha como se estivesse em uma peça de teatro. Não adianta meter um monte de diálogo querendo pagar de profundo. Não adianta fazer tudo isso e o filme não entreter, não ter uma história interessante. Ser apenas uma coletânea de personagens (que a gente não se apega a nenhum deles) fazendo coisas insossas.

Mas bem, falei o que muitos críticos não falam porque aparentemente falar mal desse tipo de filme é não “entender” de cinema. Apois o rei está nu e eu tenho coragem de apontar isso.",2025-09-06,2025-09-06,,False,False
tt7853804,O Amor Dá Trabalho,2019,5.0,Filme ok do Leandro Hassum. Esperava mais.,2025-09-02,2025-09-02,,False,False
tt33096983,Zuzubalândia: O Filme,2024,4.0,"Tenho muito carinho pela Mariana Caltabiano e sei o quanto deu trabalho fazer este filme. Ele é divertido e claramente voltado ao público infantil. Há boas piadas e referências, mas faltou mais conteúdo. A animação merecia um roteiro mais elaborado e uma ideia mais criativa. Do jeito que está, parece apenas um episódio estendido e não sustenta o formato de longa.",2025-12-06,2025-12-06,,True,True
tt10676052,The Fantastic Four: First Steps,2025,7.3,"A estética do filme e todo o universo são muito legais. É uma pena que a Marvel vá integrar isso à bagunça atual do MCU. A história funciona bem. Dá pra dizer que o Galactus está nerfado, mas não me incomoda. O problema é que faltou tempo de tela e uma jornada mais bem desenvolvida para cada personagem.",2025-12-06,2025-12-06,,True,True
tt0339291,A Series of Unfortunate Events,2004,,,,,,True,True
tt0116118,Doctor Who: The Movie,1996,,,,,['Whoniverse'],True,True
tt0271383,O Auto da Compadecida,2000,,,,,,True,True
tt1776196,Fullmetal Alchemist: The Sacred Star of Milos,2011,,,,,,False,False
tt0318850,Fullmetal Alchemist the Movie: Conqueror of Shamballa,2005,,,,,,False,False
tt0169858,Neon Genesis Evangelion: The End of Evangelion,1997,,,,,,False,False
tt0923811,Evangelion: 1.0 You Are (Not) Alone,2007,,,,,,False,False
tt0860906,Evangelion: 2.0 You Can (Not) Advance,2009,,,,,,False,False
tt0860907,Evangelion: 3.0 You Can (Not) Redo,2012,,,,,,False,False
tt2458948,Evangelion: 3.0+1.0 Thrice Upon a Time,2021,,,,,,False,False
tt3345472,Parasyte: Part 1,2014,,,,,,False,False
tt3345474,Parasyte: Part 2,2015,,,,,,False,False
tt1241317,Death Note,2017,,,,,,False,False
tt0758742,Death Note,2006,,,,,,False,False
tt0810827,Death Note: The Last Name,2006,,,,,,False,False
tt0912597,Death Note: L Change the World,2008,,,,,,False,False
tt5058340,Death Note: Light Up the New World,2016,,,,,,False,False
tt5607028,Fullmetal Alchemist,2017,,,,,,False,False
tt0409459,Watchmen,2009,,,,,,False,False
tt6751668,Parasite,2019,,,,,,True,False
tt4773438,Psychic Kusuo,2017,,,,,,False,False
tt10515852,Steven Universe: The Movie,2019,3.9,"É bem ruim. Praticamente um filler. Claro, é muito legal saber como ficou a situação depois. Mas a história simplesmente não é boa.",,,,False,True
tt2101473,The Physician,2013,8.7,"Filmaço, super recomendado. Ainda assim, é o tipo de filme que muita gente vai assistir reclamando o tempo todo por não ser historicamente acurado.",2024,2024,,False,False
tt22090684,The Invisible Raptor,2023,3.5,"Pô, esse filme eu esperava mais pela ideia maluca que ele se propos. Mas acabou sendo um filme bem ruim. Se vc desligar o celebro completamente até consegue se divertir, na verdade. Mas não vá esperando grandes coisas.",2024,2024,,False,False
tt0485947,Mr. Nobody,2009,3.3,"Tem uma boa ideia, mas o filme é muito confuso, não gostei.",2024,2024,,False,False
tt1702014,Hoje Eu Quero Voltar Sozinho,2014,9.5,"No longínquo ano de 2014 quando não existia homofobia…

**Hoje Eu Quero Voltar Sozinho (2014)** é um filme intimista, muito lindo, muito fofo. Fizeram realmente com o coração e dá pra perceber.

Aliás o ator não é cego fui enganado.",,2025-12-25,,False,False
tt11655566,Lilo & Stitch,2025,5.0,"Adaptação decente, mas não tão boa quanto o original animado. Falta cor e as modificações na trama não ficaram boas.",2025-12-27,2025-12-27,,True,True
tt1098327,Dragonball Evolution,2009,0.8,"Existem live actions que a obra original já te dá a faca e o queijo. Mas Dragon Ball as duas estão presas dentro de uma caixa onde é necessário resolver um grande quebra cabeça. Porque adaptar Dragon Ball para live action é um grande desafio. Talvez seja um dos animes mais complicados de adaptar.

Esse live action pegou a caixa e enfiou no CENSURADO. Como é possível eu já ir para uma obra com as expectativas mais baixas possíveis, e ela ainda te decepcionar. Nossa, mas eles pegaram o material original e jogaram no lixo. A única coisa que restou foi o Mestre Kame ser um tarado.

Agora falando uma coisa polemica, eu acho que se eu fosse fazer um live action eu ia tentar adaptar apenas a Saga Pilaf. Para um primeiro filme, acredito que seja o correto a se fazer para mostrar o universo do jeito certo e tals. Deixa todo o resto pras continuações. Se tentar fazer tudo ao mesmo tempo, fica muito corrido e não daria certo.",,,,False,False
tt19847976,Wicked: For Good,2025,6.5,"Uma boa adaptação, fiel à obra original. Mas assim como no musical, a segunda parte não é tão boa quanto a primeira.

Faço uma crítica aqui principalmente ao ritmo, meio quebrado. Não é chato, é só que o filme não tem início, meio e fim, e quando chega no clímax parece que não tem clímax. O fluxo não é natural.",2025-12-31,2025-12-31,,True,True
tt0059742,The Sound of Music,1965,9.0,"Pra finalizar o ano com chave de ouro. É realmente um grande clássico do cinema.

Me surpreendeu positivamente, pois estava apenas esperando só uma versão mais antiga de Carinha de Anjo (2016). Mas me deu um musical de altíssima qualidade com belas músicas e historia envolvente, mesmo pelas 3 horas de filme.

Curiosamente, o filme é baseado em fatos reais. Ele conta a história real da Família von Trapp, mas com as devidas adaptações cinematográficas que todo filme baseado em fatos reais tem.",2025-12-31,2025-12-31,,True,True
tt1666186,Vampires Suck,2010,2.0,"Acidentalmente, acabou que o primeiro filme que eu vi esse ano foi **Os Vampiros que Se Mordam (2010)**. É uma paródia de crepúsculo. Já vi filmes de paródia melhores, aqui poucas piadas que se salvam, e nem são tão boas.",2026-01-02,2026-01-02,,False,False
tt8721424,"tick, tick... BOOM!",2021,8.8,"Quando vi esse filme pela primeira vez, eu não entendi. Não achei graça, não conectou comigo. Mas isso é uma das coisas mais legais de rever filmes. Antes, eu não gostava de música, não entendia a urgência, não entendia as complexidades da vida (não que eu entenda hoje, e talvez ninguém entenda). O filme não mudou de lá para cá, quem mudou fui eu, e isso é legal.

O filme conta a história de alguém de quem eu nunca tinha ouvido falar: Jonathan Larson, compositor e escritor de musicais da Broadway. Inclusive, o filme é uma adaptação de um musical dele, com o mesmo nome.

Tudo aqui é muito bem feito. As músicas são excelentes, extremamente difíceis de executar, mas entregues com perfeição pelo elenco. O destaque vai para Andrew Garfield, que entrega o papel da vida dele.

No fim, fico pensando em quantos filmes eu já considerei ruins, mas que hoje, em outro momento da minha vida, talvez ganhassem uma nota muito melhor. Só sei que agora eu preciso muito ver um musical em um teatro.",,2026-01-02,,False,False
tt28996126,Nobody 2,2025,6.0,"Eles não têm roteiro, eles não têm desenvolvimento, mas eles têm ação (e muitos cortes). Segue a mesma fórmula do primeiro, mas não é tão bom. É uma diversão ok.",2026-01-03,2026-01-03,,True,False
tt0768187,Eu e Meu Guarda-Chuva,2010,7.0,"É um filme muito bem feito, muito bem escrito. Tem uns diálogos com umas tiradas engraçadas e muito criativas.

Claro, é um filme infantil, mas é um ótimo filme infantil. Só a premissa de (spoilers a seguir, continue por sua conta de risco) ser um sonho, e essa ambiguidade que achei batida e desinteressante.",2026-01-04,2026-01-04,,True,False
tt17076046,Weird: The Al Yankovic Story,2022,,"Esse filme conta a historia do famoso cantor Weird Al, mas ele não é muito famoso por aqui no Brasil.

A grande questão é que ele é famoso suficiente para conseguir fazer um filme sobre a vida dele, estrelado pelo Daniel Radcliffe (O ator do Harry Potter). O filme é bom? nem tanto mas deu pra dar umas boas risadas.

(SPOILERS A SEGUIR)

Agora o legal é que a vilã do filme é a Madona. Tipo, o filme começa crível. Parece que tá contando a vida dele mesmo, mas termina com a Madona tomando controle do tráfico colombiano no lugar de Pablo Escobar e fazendo um atentado contra o protagonista, matando ele (mas na vida real ele tá vivo).",2024,2024,,False,False
tt27503384,Perfect Days,2023,,"**Perfect Days (2023)** foi indicado ao Oscar de melhor filme. Ainda bem que perdeu.

Ô filme chato. Deveria se chamar ASMR de velho lavando banheiro (2023). Outro Slice of life, chega não tem ideia de filme não faz filme pô.",2024,2024,,False,False
tt8178634,RRR,2022,10.0,"Não creio que um musical acabou de entrar no meu top 5 melhores filmes.

**RRR (2022)** é tudo num filme só. É drama, é galhofa, é ação. Estou boquiaberto! Hollywood foi derrotada por Bollywood (ou Tollywood? não me pergunte.).

Um filme tem mais história que uns 10 filmes da Marvel. Era reviravolta atrás de reviravolta. Foi tipo dar um orçamento de Vingadores pra um escritor de novela mexicana e aí ele deu tudo de si.

E ainda bem que esse filme foi feito na Índia, pq qualquer outra indústria de cinema iria ser catastrófico. Apenas eles conseguem fazer aquelas cenas de ação. Pôs no chinelo qualquer filme de Super Herói.",2024,2024,,True,False
tt6710474,Everything Everywhere All at Once,2022,10.0,"Acabei de assistir e véi... É um filme estonteante, incrível, maluco, lindo, estranho, muito estranho e original.",2022,,,False,False
tt17163970,Wallace & Gromit: Vengeance Most Fowl,2024,6.8,"Wallace & Gromit VOLTARAM! E com eles um dos mais temidos vilões de todos os tempos: Feathers McGraw.

E o filme é bem legal. Tem umas piadas muito boas e é uma ótima diversão para a tarde. Claro, não chega perto de **Wallace & Gromit - A Batalha dos Vegetais (2005)** mas vale a pena ver.",2024,2024,,True,True
tt30868610,Chico Bento e a Goiabeira Maraviósa,2024,7.6,"QUE FILME BOM! O humor funciona muito bem, o filme é muito engraçado. A história é bem simples mas muito bem executada.

Diversão para toda família.",2025-01-10,2025-01-10,"['Turma da Mônica', 'Vi no Cinema']",True,True
tt38755615,Mauricio de Sousa: O Filme,2025,6.2,"Acabei de ver o filme do Maurício de Souza. Acho que é a primeira vez que eu li o livro antes de ver o filme.

Sim, eu li a biografia dele. Sempre fui muito fã de turma da Mônica. Tinha até uma coleção de revistas e teve uma época que eu tinha assinatura.

Sobre o filme, acho que foi uma boa adaptação. O livro na verdade vai bem mais além na vida dele, o filme para mais ou menos quando fecha o contrato com a editora abril (mas estranhamente não cita o nome da editora).

O Mauro Sousa (o filho que inspirou o Nimbus) tá ótimo como Maurício. Agora ele tem o buraquinho do brinco que ele usa. Existe maquiagem pra isso? É meio besta, mas tirou um pouco da imersão.

Não acho que foi uma decisão acertada colocar o ator dele criança pra narrar o começo. Pq ele narra como se soubesse o futuro aí ficou estranho. O certo mesmo era o Maurício de verdade narrar o filme todo, mas ele está velhinho já então eu entendo, mas era para o Mauro narrar então.

Ou o narrador não souber o que vêm pela frente, talvez? Fazer uma biografia assim seria mais difícil mas tá aí uma possibilidade.",2026-01-06,2026-01-06,['Turma da Mônica'],True,True
tt8169552,Turma da Mônica: Laços,2019,4.5,,,,['Turma da Mônica'],True,True
tt11674072,Turma da Mônica: Lições,2021,7.0,,,,['Turma da Mônica'],True,True
tt7368304,Turma da Mônica Jovem: Reflexos do Medo,2024,0.0,,,,['Turma da Mônica'],True,True
tt10287954,Rose Island,2020,,Gostei bastante. Trata de temas importantes.,2020,2020,,True,False
tt13804084,Justice Society: World War II,2021,,A Iris é chata em todas as versões que coisa. Seja em série seja em animação. Só não foi chata no filme do Snyder pq não teve tempo.,2021-04-29,2021-04-29,,True,False
tt0360717,King Kong,2005,,É muito bom! Um verdadeiro clássico do cinema.,2021-07-30,2021-07-30,,True,False
tt1464335,Uncharted,2022,,"Acabei de ver e o filme é bem legal.

Agora é bem genérico do tipo de ação em busca de um tesouro e tals. Não espere nada inovador ou criativo

Eu nunca joguei o jogo então não posso falar muito do filme como adaptação.",2022-04-24,2022-04-24,,True,False
tt0294543,Xuxa e os Duendes,2001,,,2020,2020,,True,False
tt0312043,Xuxa e os Duendes 2: No Caminho das Fadas,2001,,"Nenhum dos dois filmes se salvam. Não gostei muito, parece que nem se esforçaram pra o filme ficar bom, tem muitas cenas mal posicionadas. O que estragou o filme foi falta de organização.

Não chega nem aos pés de **Xuxa em O Mistério de Feiurinha (2009)**, muito melhor.",2020,2020,,True,False
tt0182789,Bicentennial Man,1999,,Quase chorei. Que filme bonito.,2020-10-17,2020-10-17,,False,False
tt4682266,The New Mutants,2020,,"Não gostei, achei chato.",2020-11-10,2020-11-10,['Marvel'],False,False
tt10600398,We Can Be Heroes,2020,,"A continuação de Lavagirl e Sharkboy.

O começo do filme é ruim. O meio e quase final é legalzinho. O final é ruim e a historia não combina com o filme passado",2020,2020,,True,True
tt1361336,Tom & Jerry,2021,,"Filme bonzinho, bem legal. Muita porradaria que é o que se espera de um filme do Tom e Jerry. Recomendo pra quando vc quiser assistir um filme leve e divertido.",2021-03-01,2021-03-01,,True,True
tt0107290,Jurassic Park,1993,,,,,['Jurassic Park'],True,False
tt0119567,The Lost World: Jurassic Park,1997,,,,,['Jurassic Park'],True,False
tt0163025,Jurassic Park III,2001,,,,,['Jurassic Park'],True,False
tt0369610,Jurassic World,2015,,,,,['Jurassic Park'],True,False
tt4881806,Jurassic World: Fallen Kingdom,2018,,,,,['Jurassic Park'],True,False
tt8041270,Jurassic World Dominion,2022,,,,,['Jurassic Park'],True,False
tt0120903,X-Men,2000,,,,,['Marvel'],True,False
tt0290334,X2: X-Men United,2003,,,,,['Marvel'],True,False
tt0376994,X-Men: The Last Stand,2006,,,,,['Marvel'],True,False
tt0458525,X-Men Origins: Wolverine,2009,,,,,['Marvel'],False,False
tt1270798,X-Men: First Class,2011,,,,,['Marvel'],True,False
tt1430132,The Wolverine,2013,,,,,['Marvel'],False,False
tt1877832,X-Men: Days of Future Past,2014,,,,,['Marvel'],True,False
tt1431045,Deadpool,2016,,,,,['Marvel'],False,False
tt3385516,X-Men: Apocalypse,2016,6.6,,,2026-01-12,['Marvel'],True,False
tt3315342,Logan,2017,,,,,['Marvel'],False,False
tt5463162,Deadpool 2,2018,,,,,['Marvel'],False,False
tt6565702,X-Men: Dark Phoenix,2019,5.9,,,2026-01-14,['Marvel'],True,False
tt1340108,Killer Bean Forever,2008,8.0,,,,,False,False
tt0104070,Death Becomes Her,1992,7.8,,2026-01-12,2026-01-12,,False,False
tt14927880,Sublime,2022,5.8,Boa tentativa argentinos. Mas **Hoje Eu Quero Voltar Sozinho (2014)** é bem melhor.,2026-01-12,2026-01-12,,False,False
tt1312221,Frankenstein,2025,6.2,,2026-01-13,2026-01-13,,False,False
tt3890160,Baby Driver,2017,,Como que eu não tinha visto isso antes? Um filme muito bom com um final diferente do esperado.,2021-03-14,2021-03-14,,True,False
tt4513678,Ghostbusters: Afterlife,2021,,,2022-01-04,2022-01-04,,True,False
tt6723592,Tenet,2020,,,2021-03-15,2021-03-15,,True,False
tt0111161,The Shawshank Redemption,1994,8.1,"Filme impecável. Redondinho, muito bem feito. Não tem o que falar mal. Merecia o primeiro lugar no IMDB? Acho que não, mas, ao mesmo tempo, não sei responder qual poderia tomar o seu lugar.

Ao mesmo tempo, acho que a expectativa que criei por esse filme prejudicou um pouquinho a minha experiência. Afinal, é um filme que, em essência, não promete nada. É apenas uma história sobre dois caras na prisão, e é com esse pensamento que você deve assistir ao filme. Não se trata de uma grande aventura bombástica, é muito mais uma história para dentro, mas que muito provavelmente vai te emocionar.",2026-01-15,2026-01-15,,False,False
tt2562232,Birdman or (The Unexpected Virtue of Ignorance),2014,5.4,,2026-01-16,2026-01-16,,False,False
tt1659337,The Perks of Being a Wallflower,2012,,,2024,2024,,False,False
tt0907134,"Saneamento Básico, O Filme",2007,,,2024,2024,,False,False
tt1242460,We Need to Talk About Kevin,2011,,"**Precisamos Falar Sobre o Kevin (2011)** tem a Tilda Swinton interpretando uma mãe ruim, mas que tenta, mas que podia ter feito diferente, ou não. E o Ezra Miller interpretando ele mesmo.

O filme não é péssimo péssimo, mas é um filme muito cult sabe? chato (ao mesmo tempo corrido), o ritmo e as cenas fora de ordem não me envolveram.",2024-05-20,2024-05-20,,False,False
tt6166392,Wonka,2023,,"**Wonka (2023)** tem um elenco de peso, ideias muito boas e (tirando o CGI que não é lá essas coisas mesmo assim decidiram fazer o filme todo com ele) é um filme lindo. Mas óia, o filme não é bom não kkkkk

Se fosse um filme normal até que ia, mas é uma prequel da Fábrica de Chocolate. Pensar que muito provavelmente não teremos mais nenhuma tentativa depois dessa por um bom tempo é uma tristeza.

Vamos lá, o Timothée Chalamet não convence nem um pouco como Wonka, ele é divertidinho se vc tiver sei lá, 10 anos. Mas não tem nada da profundidade ou psicopatia que os outros Wonka tinham. Ele é só bonzinho. Infantilizaram o personagem pra geração de hoje. Inclusive nenhuma criança morreu ou foi gravemente ferida nesse filme.

As piadas são engraçadinhas, as músicas (é um musical) podiam ser melhores. E o roteiro é inconsistente, tem partes que eu fiquei uau quem pensou nisso e outras que eu fiquei, pô que preguiçoso.",2024,2024,,True,True
tt17351924,Saltburn,2023,,"Saltburn (2023) é intenso né. É romance, é... não pera, não é romance. É tesão. É tensão. É acido. É luto. E tudo isso numa obra pra lá de perturbadora. Agora eu consegui perceber o que tava acontecendo antes da hora, eu acho que aí foi um erro, tinha que ter mostrado mais cedo, ou construído o final de forma diferente.",2024,2024,,False,False
tt1022603,500 Days of Summer,2009,,"Falei daquela música ""There is a light that never goes out"" pra uma pessoa. Aí ela falou: Ah, daquele filme lá, 500 dias com ela...

**500 Days of Summer (2009)** é surpreendente bom. Ele tem uma história simples, mas foi muito bem feita. A maneira que representaram tudo eu achei genial.

É também um filme que perde um pouco com a tradução, se for possível ver inglês é bem melhor.",2024,2024,,False,False
tt0137523,Fight Club,1999,8.0,"Que tristeza ter recebido um spoiler antes de ver. Mas mesmo assim foi uma ótima experiência assistir.

As lutas aqui nem são o foco, o filme fala mesmo é sobre os problemas em nós causados por nós e por coisas externas a nós. Mas acaba sendo muito mais sobre as consequências desses conflitos. É muito interessante ver como toda a situação vai saindo de controle.

É um filme que dialoga diretamente com os homens. Curiosamente existe um grupinho de filmes com esse estilo: **American Psycho (2000)**, **Joker (2019)**, **Taxi Driver (1976)**, **Drive (2011)** e a lista vai crescendo. Filmes que são, na verdade, grandes lições sobre o que não fazer.

Homem vs sociedade? Ou homem vs ele mesmo?",2026-01-20,2026-01-20,,False,False
tt0144084,American Psycho,2000,,,,,,False,False
tt7286456,Joker,2019,,,,,,False,False
tt11315808,Joker: Folie à Deux,2024,,"É muito ruim, acontece nada nesse filme. vários nadas sobre nadas.",2024,2024,,False,False
tt0075314,Taxi Driver,1976,,,,,,False,False
tt0780504,Drive,2011,,,,,,False,False
tt0387808,Idiocracy,2006,,,,,,False,False
tt12593682,Bullet Train,2022,,,,,,True,False
tt1160419,Dune: Part One,2021,,,,,,True,False
tt15239678,Dune: Part Two,2024,,,,,,True,False
tt0087182,Dune,1984,,,,,,False,False
tt1285016,The Social Network,2010,,,,,,False,False
tt0372784,Batman Begins,2005,,,,,,True,False
tt0468569,The Dark Knight,2008,,,,,,True,False
tt1345836,The Dark Knight Rises,2012,,,,,,True,False
tt1877830,The Batman,2022,,,,,,True,False
tt4772188,Flow,2024,,Tendi foi nada.,2024,2024,,True,True
tt10128846,Megalopolis,2024,,"É ????

Eu tava com bastantes expectativas desse filme, mas pô que filme confuso. O Coppola misturou um monte de coisa, muitas ideias muito boas, mas que acabou ficando uma colagem sem muito sentido.

O filme em si é muito bonito, as cenas são estonteantes de bonitas, com visuais extremamente originais. Mas eles deram uma exagerada no chroma key, dá pra perceber.

Agora uma coisa que me revoltou, não sei se não entendi: O CARA CONTROLA O TEMPO, e isso vai do nada a lugar nenhum. Não serve de nada pro filme todo. Pra que?

Enfim, triste, até por todo o esforço que o Coppola colocou pra fazer esse filme acontecer.",2024,2024,,False,False
